{"cameraMode":{"drawMode":0,"name":"Shaded","section":"Shading Mode"},"sceneLighting":false,"audioPlay":false,"sceneViewState":{"m_AlwaysRefresh":false,"showFog":true,"showSkybox":false,"showFlares":true,"showImageEffects":true,"showParticleSystems":true,"showVisualEffectGraphs":true,"m_FxEnabled":false},"in2DMode":false,"pivot":{"x":0.9603726863861084,"y":0.5570802092552185,"z":-2.4806301593780519},"rotation":{"x":0.05923387035727501,"y":0.8980197906494141,"z":-0.12943977117538453,"w":0.41678670048713686},"size":1.045823097229004,"orthographic":false}