{"cameraMode":{"drawMode":0,"name":"Shaded","section":"Shading Mode"},"sceneLighting":false,"audioPlay":false,"sceneViewState":{"m_AlwaysRefresh":false,"showFog":true,"showSkybox":false,"showFlares":true,"showImageEffects":true,"showParticleSystems":true,"showVisualEffectGraphs":true,"m_FxEnabled":true},"in2DMode":false,"pivot":{"x":1340.5965576171875,"y":779.782470703125,"z":6.780459880828857},"rotation":{"x":-0.010808074846863747,"y":0.0020970748737454416,"z":-0.000018160642866860144,"w":-0.9999521374702454},"size":1078.344970703125,"orthographic":false}