{"cameraMode":{"drawMode":0,"name":"Shaded","section":"Shading Mode"},"sceneLighting":true,"audioPlay":false,"sceneViewState":{"m_AlwaysRefresh":false,"showFog":true,"showSkybox":true,"showFlares":true,"showImageEffects":true,"showParticleSystems":true,"showVisualEffectGraphs":true,"m_FxEnabled":false},"in2DMode":false,"pivot":{"x":0.24773024022579194,"y":3.61478853225708,"z":2.589560031890869},"rotation":{"x":-0.010092513635754586,"y":0.9481826424598694,"z":-0.3171563446521759,"w":-0.02886095829308033},"size":0.17500367760658265,"orthographic":false}