{"cameraMode":{"drawMode":0,"name":"Shaded","section":"Shading Mode"},"sceneLighting":false,"audioPlay":false,"sceneViewState":{"m_AlwaysRefresh":false,"showFog":true,"showSkybox":false,"showFlares":true,"showImageEffects":true,"showParticleSystems":true,"showVisualEffectGraphs":true,"m_FxEnabled":false},"in2DMode":false,"pivot":{"x":-3.4644813537597658,"y":0.5000001192092896,"z":-3.4698309898376467},"rotation":{"x":-0.032463591545820239,"y":-0.8387939929962158,"z":0.05079621821641922,"w":-0.5416220426559448},"size":0.26895907521247866,"orthographic":false}