{"cameraMode":{"drawMode":0,"name":"Shaded","section":"Shading Mode"},"sceneLighting":true,"audioPlay":false,"sceneViewState":{"m_AlwaysRefresh":false,"showFog":true,"showSkybox":false,"showFlares":true,"showImageEffects":true,"showParticleSystems":true,"showVisualEffectGraphs":true,"m_FxEnabled":false},"in2DMode":false,"pivot":{"x":0.3723568618297577,"y":0.015224701724946499,"z":0.2710910141468048},"rotation":{"x":-0.008825542405247689,"y":-0.6641624569892883,"z":0.008593332022428513,"w":-0.7477418780326843},"size":0.29681289196014407,"orthographic":false}